INSERT INTO User (userName)
VALUES
    ("beatriz-ag"),
    ("andrefmrocha"),
    ("GambuzX");

INSERT INTO Organization (organizationName)
VALUES
    ("NIAEFEUP");

INSERT INTO Team (name, organization)
VALUES
    ("uniApp","NIAEFEUP"),
    ("NIJobs","NIAEFEUP");

INSERT INTO OrganizationUserOwner (user, organization)
VALUES
    ("NIAEFEUP", "andrefmrocha");

INSERT INTO OrganizationUserMember (user, organization)
VALUES
    ("andrefmrocha", "NIAEFEUP"),
    ("beatriz-ag", "NIAEFEUP"),
    ("GambuzX", "NIAEFEUP");

INSERT INTO Repository (ID, name, rootDirectory, isVisible)
VALUES
    (1, "feup-lpoo", 1, 0),
    (2, "feup-sope", 2, 0),
    (3, "feup-bdad", 3, 0),
    (4, "feup-cgra", 4, 0),
    (5, "feup-lcom", 5, 0),
    (6, "feup-mnum", 7, 1),
    (7, "projectSchrodinger", 56, 1),
    (8, "CV_WEBSITE", 63, 1),
    (9, "NativeBase", 65, 1),
    (10, "Space-Wars", 66, 1),    
    (11, "advent-of-code-2019", 14, 1),
    (12, "website-NIAEFEUP", 67, 1),
    (13, "nijobs-nbe", 77, 1),
    (14, "nijobs-fe", 78, 1),
    (15, "NI", 81, 1),
    (16, "LeetCode", 82);

INSERT INTO OwnerRepository (user,repository)
VALUES
    ("beatriz-ag", 1),
    ("beatriz-ag", 2),
    ("beatriz-ag", 3),
    ("beatriz-ag", 4),
    ("beatriz-ag", 5),
    ("beatriz-ag", 6),
    ("andrefmrocha", 7),
    ("andrefmrocha", 8),
    ("andrefmrocha", 9),
    ("andrefmrocha", 10),
    ("andrefmrocha", 11),
    ("GambuzX", 16);

INSERT INTO Branch (name, repository, isDefault)
VALUES
    ("main", 2, 1),
    ("main", 1, 1),
    ("main", 4, 1),
    ("main", 3, 1),
    ("main", 5, 1),
    ("main", 6, 1),
    ("main", 8, 1),
    ("main", 7, 1),
    ("main", 9, 1),
    ("main", 10, 1),    
    ("main", 12, 1),
    ("main", 11, 1),
    ("main", 13, 1),
    ("main", 14, 1),
    ("main", 15, 1),
    ("main", 16, 1),
    ("main", 17, 1),
    ("main", 18, 1),
    ("main", 19, 1),
    ("main", 20, 1),
    ("main", 21, 1),
    ("main", 22, 1),
    ("main", 23, 1),
    ("main", 24, 1),
    ("main", 25, 1),
    ("main", 26, 1),
    ("main", 27, 1),
    ("main", 28, 1),
    ("main", 29, 1),
    ("main", 30, 1),
    ("main", 31, 1),
    ("main", 32, 1),
    ("main", 33, 1),
    ("main", 34, 1),
    ("main", 35, 1),
    ("main", 36, 1),
    ("main", 37, 1),
    ("main", 38, 1),
    ("main", 39, 1),
    ("main", 40, 1),
    ("main", 41, 1),
    ("main", 42, 1),
    ("main", 43, 1),
    ("main", 44, 1),
    ("main", 45, 1),
    ("main", 46, 1),
    ("main", 47, 1),
    ("main", 48, 1),
    ("main", 49, 1),
    ("main", 50, 1),
    ("main", 51, 1),
    ("main", 52, 1),
    ("main", 53, 1),
    ("main", 54, 1),
    ("main", 55, 1),
    ("main", 56, 1),
    ("main", 57, 1),
    ("main", 58, 1),
    ("main", 59, 1),
    ("main", 60, 1),
    ("main", 61, 1),
    ("main", 62, 1),
    ("main", 63, 1),
    ("main", 64, 1),
    ("main", 65, 1),
    ("main", 66, 1),
    ("main", 67, 1),
    ("main", 68, 1),
    ("main", 69, 1),
    ("main", 70, 1),
    ("main", 71, 1),
    ("main", 72, 1),
    ("main", 73, 1),
    ("main", 74, 1),
    ("main", 75, 1),
    ("main", 76, 1),
    ("main", 77, 1),
    ("main", 78, 1),
    ("main", 79, 1),
    ("main", 80, 1),
    ("development", 1, 1),
    ("development", 2, 1),
    ("development", 3, 1),
    ("development", 4, 1),
    ("development", 5, 1),
    ("development", 6, 1),
    ("development", 7, 1),
    ("development", 8, 1),
    ("development", 9, 1),
    ("development", 10, 1),    
    ("development", 11, 1),
    ("development", 12, 1),
    ("development", 13, 1),
    ("development", 14, 1),
    ("development", 15, 1),
    ("development", 16, 1),
    ("development", 17, 1),
    ("development", 18, 1),
    ("development", 19, 1),
    ("development", 20, 1),
    ("development", 21, 1),
    ("development", 22, 1),
    ("development", 23, 1),
    ("development", 24, 1),
    ("development", 25, 1),
    ("development", 26, 1),
    ("development", 27, 1),
    ("development", 28, 1),
    ("development", 29, 1),
    ("development", 30, 1),
    ("development", 31, 1),
    ("development", 32, 1),
    ("development", 33, 1),
    ("development", 34, 1),
    ("development", 35, 1),
    ("development", 36, 1),
    ("development", 37, 1),
    ("development", 38, 1),
    ("development", 39, 1),
    ("development", 40, 1),
    ("development", 41, 1),
    ("development", 42, 1),
    ("development", 43, 1),
    ("development", 44, 1),
    ("development", 45, 1),
    ("development", 46, 1),
    ("development", 47, 1),
    ("development", 48, 1),
    ("development", 49, 1),
    ("development", 50, 1),
    ("development", 51, 1),
    ("development", 52, 1),
    ("development", 53, 1),
    ("development", 54, 1),
    ("development", 55, 1),
    ("development", 56, 1),
    ("development", 57, 1),
    ("development", 58, 1),
    ("development", 59, 1),
    ("development", 60, 1),
    ("development", 61, 1),
    ("development", 62, 1),
    ("development", 63, 1),
    ("development", 64, 1),
    ("development", 65, 1),
    ("development", 66, 1),
    ("development", 67, 1),
    ("development", 68, 1),
    ("development", 69, 1),
    ("development", 70, 1),
    ("development", 71, 1),
    ("development", 72, 1),
    ("development", 73, 1),
    ("development", 74, 1),
    ("development", 75, 1),
    ("development", 76, 1),
    ("development", 77, 1),
    ("development", 78, 1),
    ("development", 79, 1),
    ("development", 80, 1),
    ("feature-api", 3, 1),
    ("feature-kernel", 6, 1),
    ("testing-generator", 23, 1),
    ("testing-xmod", 53, 1),
    ("feature-getFlags", 65, 1),
    ("testing-bitcoin", 23, 1),
    ("feature-bits", 12, 1),
    ("feature-spaceship", 54, 1),
    ("testing-fly", 52, 1),
    ("feature-coviddata", 12, 1),
    ("testing-bulletproff", 76, 1),
    ("testing-timetableOverlaps", 4, 1),
    ("testing-tests", 8, 1),
    ("feature-dataOrganizer", 45, 1),
    ("feature-compiler", 98, 1),
    ("testing-growth", 23, 1),
    ("testing-AI", 12, 1),
    ("testing-randomgenerator", 1, 1),
    ("testing-move", 73, 1),
    ("feature-jumpLoop", 66, 1),
    ("feature-gbfST", 23, 1),
    ("testing-display", 87, 1),
    ("testing-shaders", 67, 1),
    ("testing-usrLe", 78, 1),
    ("testing-robotsL", 65, 1),
    ("feature-mindT", 49, 1)

INSERT INTO Contribution (id, userName,repository,date)
VALUES
    (1, "beatriz-ag", 1, "YYYY-MM-DD"),
    (2, "beatriz-ag", 1, "YYYY-MM-DD"),
    (3, "beatriz-ag", 2, "YYYY-MM-DD"),
    (4, "beatriz-ag", 4, "YYYY-MM-DD"),
    (5, "beatriz-ag", 5, "YYYY-MM-DD"),
    (6, "beatriz-ag", 5, "YYYY-MM-DD"),
    (7, "beatriz-ag", 6, "YYYY-MM-DD"),
    (8, "beatriz-ag", 3, "YYYY-MM-DD"),
    (9, "beatriz-ag", 3, "YYYY-MM-DD"),
    (10, "beatriz-ag", 12, "YYYY-MM-DD"),
    (11, "beatriz-ag", 12, "YYYY-MM-DD"),
    (12, "beatriz-ag", 12, "YYYY-MM-DD"),
    (13, "beatriz-ag", 12, "YYYY-MM-DD"),
    (14, "beatriz-ag", 12, "YYYY-MM-DD"),
    (15, "beatriz-ag", 12, "YYYY-MM-DD"),
    (16, "andrefmrocha", 12, "YYYY-MM-DD"),
    (17, "andrefmrocha", 12, "YYYY-MM-DD"),
    (18, "andrefmrocha", 12, "YYYY-MM-DD"),
    (19, "andrefmrocha", 8, "YYYY-MM-DD"),
    (20, "andrefmrocha", 8, "YYYY-MM-DD"),
    (21, "andrefmrocha", 10, "YYYY-MM-DD"),
    (22, "andrefmrocha", 10, "YYYY-MM-DD"),
    (23, "andrefmrocha", 13, "YYYY-MM-DD"),
    (24, "andrefmrocha", 7,"YYYY-MM-DD"),
    (25, "andrefmrocha", 10,"YYYY-MM-DD"),
    (26, "andrefmrocha", 10,"YYYY-MM-DD"),
    (27, "andrefmrocha", 11,"YYYY-MM-DD"),
    (28, "andrefmrocha", 11,"YYYY-MM-DD"),
    (29, "andrefmrocha", 9,"YYYY-MM-DD"),
    (30, "andrefmrocha", 9,"YYYY-MM-DD"),
    (31, "andrefmrocha", 10,"YYYY-MM-DD"),
    (32, "andrefmrocha", 10,"YYYY-MM-DD"),
    (33, "andrefmrocha", 11,"YYYY-MM-DD"),
    (34, "andrefmrocha", 11,"YYYY-MM-DD"),
    (35, "andrefmrocha", 9,"YYYY-MM-DD"),
    (36, "andrefmrocha", 9,"YYYY-MM-DD"),
    (37, "GambuzX", 16, "YYYY-MM-DD"),
    (38, "GambuzX", 16, "YYYY-MM-DD"),
    (39, "GambuzX", 16, "YYYY-MM-DD"),
    (40, "GambuzX", 16, "YYYY-MM-DD"),
    (41, "GambuzX", 16, "YYYY-MM-DD"),
    (42, "GambuzX", 16, "YYYY-MM-DD"),
    (43, "GambuzX", 16, "YYYY-MM-DD"),
    (44, "GambuzX", 16, "YYYY-MM-DD"),
    (45, "GambuzX", 16, "YYYY-MM-DD"),
    (46, "GambuzX", 16, "YYYY-MM-DD"),
    (47, "GambuzX", 16, "YYYY-MM-DD"),
    (48, "GambuzX", 16, "YYYY-MM-DD"),
    (49, "GambuzX", 16, "YYYY-MM-DD"),
    (50, "GambuzX", 16, "YYYY-MM-DD"),
    (51, "GambuzX", 16, "YYYY-MM-DD"),

INSERT INTO Tag (name, commit)
VALUES
    ("tp1", 1),
    ("tp2", 1),
    ("tp3", 1),
    ("tp4", 1),
    ("tp5", 1),
    ("tp6", 1),
    ("tp7", 1),
    ("nijobs-1", 23),
    ("adventCode-hard", 34);
 
INSERT INTO Directory (ID, name)
VALUES
    (1, "feup-lpoo"),
    (2, "feup-sope"),
    (3, "feup-bdad"),
    (4, "feup-cgra"),
    (5, "feup-lcom"),
    (6, "feup-mnum"),
    (7, "Projs"),
    (8, "Proj1"),
    (9, "Proj2"),
    (10, "Proj3"),
    (11, "TPS"),
    (12, "TPS"),
    (13, "TP1"),  
    (14, "TP2"),
    (15, "TP3"),
    (16, "TP4"),
    (17, "TP5"),
    (18, "TP6"),
    (19, "TP7"),
    (20, "TP8"),
    (21, "QUIZZ"),
    (22, "PROJS"),
    (23, "PROJ1"),
    (24, "PROJ2"),
    (25, "TPS"),
    (26, "TP1"),
    (27, "TP2"),
    (28, "TP3"),
    (29, "TP4"),
    (30, "PROJ1"),
    (31, "PROJ2"),
    (32, "METHODS"),
    (33, "EXAMS"),
    (34, "EXAM2018"),
    (35, "TP1"),
    (36, "TP2"),
    (38, "TP3",
    (39, "TP4"),
    (37, "TP5"),
    (40, "TP6"),
    (41, "TP7"),
    (42, "TP8"),
    (43, "TP9"),
    (44, "TP10"),
    (45, "QUIZZ"),
    (46, "src"),
    (47, "build"),
    (48, "bin"),
    (49, "Graddle"),
    (50, "Proj"),
    (51, "PROJS"),
    (52, "PROJ1"),
    (53, "PROJ2"),
    (54, "PROJ3"),
    (55, "PROJ4"),
    (56, "projectSchrodinger"),
    (57, "Appfeup"),
    (58, "LICENSES"),
    (59, "ASSETS"),
    (60, "IOS"),
    (61, "lib"),
    (62, "tests"),
    (63, "CV_WEBSITE"),
    (64, "rules_scala"),
    (65, "NativeBase"),
    (66, "Space-Wars"),
    (67, "Advent_of_code_2019"),
    (68, "FirstWeek"),
    (69, "SecondWeek"),
    (70, "ThirdWeek"),
    (71, "ForthWeek"),
    (72, "src"),
    (73, "images"),
    (74, "fonts"),
    (75, "src"),
    (76, "src"),
    (77, "nijobs-nbe"),
    (78, "nijobs-fe"),
    (79, "test"),
    (80, "test"),
    (81, "uniAPPdev"),
    (82, "LeetCode"),
    (83, "algorithms"),
    (84, "database"),
    (85, "0023_merge_k_sorted_lists"),
    (86, "0024_swap_nodes_in_pairs"),
    (87, "0036_valid_sudoku"),
    (88, "0042_trapping_rain_water"),
    (89, "0044_wildcard_matching"),
    (90, "0046_permutations"),
    (91, "0047_permutations_II"),
    (92, "0053_maximum_subarray"),
    (93, "0076_minimum_window_substring"),

INSERT INTO File (name, directory,content,ProgrammingLanguage)
VALUES
    ("code1.java", 12, "some content", "java"),
    ("code2.java", 12, "some content", "java"),
    ("code3.java", 12, "some content", "java"),
    ("code4.java", 12, "some content", "java"),
    ("code5.java", 12, "some content", "java"),
    ("code6.java", 12, "some content", "java"),
    ("code7.java", 12, "some content", "java"),
    ("code8.java", 12, "some content", "java"),
    ("code9.java", 12, "some content", "java"),
    ("code1.java", 14, "some content", "java"),
    ("code2.java", 14, "some content", "java"),
    ("code3.java", 14, "some content", "java"),
    ("code4.java", 14, "some content", "java"),
    ("code5.java", 14, "some content", "java"),
    ("code6.java", 14, "some content", "java"),
    ("code7.java", 14, "some content", "java"),
    ("code8.java", 14, "some content", "java"),
    ("code9.java", 14, "some content", "java"),
    ("code1.java", 15, "some content", "java"),
    ("code2.java", 15, "some content", "java"),
    ("code3.java", 15, "some content", "java"),
    ("code4.java", 15, "some content", "java"),
    ("code5.java", 15, "some content", "java"),
    ("code6.java", 15, "some content", "java"),
    ("code7.java", 15, "some content", "java"),
    ("code8.java", 15, "some content", "java"),
    ("code9.java", 15, "some content", "java"),
    ("code1.java", 16, "some content", "java"),
    ("code2.java", 16, "some content", "java"),
    ("code3.java", 16, "some content", "java"),
    ("code4.java", 16, "some content", "java"),
    ("code5.java", 16, "some content", "java"),
    ("code6.java", 16, "some content", "java"),
    ("code7.java", 16, "some content", "java"),
    ("code8.java", 16, "some content", "java"),
    ("code9.java", 16, "some content", "java"),
    ("code1.java", 17, "some content", "java"),
    ("code2.java", 17, "some content", "java"),
    ("code3.java", 17, "some content", "java"),
    ("code4.java", 17, "some content", "java"),
    ("code5.java", 17, "some content", "java"),
    ("code6.java", 17, "some content", "java"),
    ("code7.java", 17, "some content", "java"),
    ("code8.java", 17, "some content", "java"),
    ("code9.java", 17, "some content", "java"),
    ("code1.java", 18, "some content", "java"),
    ("code2.java", 18, "some content", "java"),
    ("code3.java", 18, "some content", "java"),
    ("code4.java", 18, "some content", "java"),
    ("code5.java", 18, "some content", "java"),
    ("code6.java", 18, "some content", "java"),
    ("code7.java", 18, "some content", "java"),
    ("code8.java", 18, "some content", "java"),
    ("code9.java", 18, "some content", "java"),
    ("code1.java", 19, "some content", "java"),
    ("code2.java", 19, "some content", "java"),
    ("code3.java", 19, "some content", "java"),
    ("code4.java", 19, "some content", "java"),
    ("code5.java", 19, "some content", "java"),
    ("code6.java", 19, "some content", "java"),
    ("code7.java", 19, "some content", "java"),
    ("code8.java", 19, "some content", "java"),
    ("code9.java", 19, "some content", "java"),
    ("code1.java", 20, "some content", "java"),
    ("code2.java", 20, "some content", "java"),
    ("code3.java", 20, "some content", "java"),
    ("code4.java", 20, "some content", "java"),
    ("code5.java", 20, "some content", "java"),
    ("code6.java", 20, "some content", "java"),
    ("code7.java", 20, "some content", "java"),
    ("code8.java", 20, "some content", "java"),
    ("code9.java", 20, "some content", "java"),
    (".ignore", 1, "some content", NULL),
    (".ignore", 2, "some content", NULL),
    (".ignore", 3, "some content", NULL),
    (".ignore", 4, "some content", NULL),
    (".ignore", 5, "some content", NULL),
    (".ignore", 6, "some content", NULL),
    (".ignore", 7, "some content", NULL),
    (".ignore", 8, "some content", NULL),
    (".ignore", 9, "some content", NULL),
    (".ignore", 10, "some content", NULL),
    (".ignore", 11, "some content", NULL),
    (".ignore", 12, "some content", NULL),
    (".ignore", 13, "some content", NULL),
    (".ignore", 14, "some content", NULL),
    (".ignore", 15, "some content", NULL),
    (".ignore", 16, "some content", NULL),
    (".ignore", 17, "some content", NULL),
    (".ignore", 18, "some content", NULL),
    (".ignore", 19, "some content", NULL),
    (".ignore", 20, "some content", NULL),
    (".ignore", 21, "some content", NULL),
    (".ignore", 22, "some content", NULL),
    (".ignore", 23, "some content", NULL),
    (".ignore", 24, "some content", NULL),
    (".ignore", 25, "some content", NULL),
    (".ignore", 26, "some content", NULL),
    (".ignore", 27, "some content", NULL),
    (".ignore", 28, "some content", NULL),
    (".ignore", 28, "some content", NULL),
    (".ignore", 29, "some content", NULL),
    (".ignore", 30, "some content", NULL),
    (".ignore", 31, "some content", NULL),
    (".ignore", 32, "some content", NULL),
    (".ignore", 33, "some content", NULL),
    (".ignore", 34, "some content", NULL),
    (".ignore", 35, "some content", NULL),
    (".ignore", 36, "some content", NULL),
    (".ignore", 37, "some content", NULL),
    (".ignore", 38, "some content", NULL),
    (".ignore", 39, "some content", NULL),
    (".ignore", 40, "some content", NULL),
    (".ignore", 41, "some content", NULL),
    (".ignore", 42, "some content", NULL),
    (".ignore", 43, "some content", NULL),
    (".ignore", 44, "some content", NULL),
    (".ignore", 45, "some content", NULL),
    (".ignore", 46, "some content", NULL),
    (".ignore", 47, "some content", NULL),
    (".ignore", 48, "some content", NULL),
    (".ignore", 49, "some content", NULL),
    (".ignore", 50, "some content", NULL),
    (".ignore", 51, "some content", NULL),
    (".ignore", 52, "some content", NULL),
    (".ignore", 53, "some content", NULL),
    (".ignore", 54, "some content", NULL),
    (".ignore", 55, "some content", NULL),
    (".ignore", 56, "some content", NULL),
    (".ignore", 57, "some content", NULL),
    (".ignore", 58, "some content", NULL),
    (".ignore", 59, "some content", NULL),
    (".ignore", 60, "some content", NULL),
    (".ignore", 61, "some content", NULL),
    (".ignore", 62, "some content", NULL),
    (".ignore", 63, "some content", NULL),
    (".ignore", 64, "some content", NULL),
    (".ignore", 65, "some content", NULL),
    (".ignore", 66, "some content", NULL),
    (".ignore", 67, "some content", NULL),
    (".ignore", 68, "some content", NULL),
    (".ignore", 69, "some content", NULL),
    (".ignore", 70, "some content", NULL),
    (".ignore", 71, "some content", NULL),
    (".ignore", 72, "some content", NULL),
    (".ignore", 73, "some content", NULL),
    (".ignore", 74, "some content", NULL),
    (".ignore", 75, "some content", NULL),
    (".ignore", 76, "some content", NULL),
    (".ignore", 77, "some content", NULL),
    (".ignore", 78, "some content", NULL),
    (".ignore", 79, "some content", NULL),
    (".ignore", 80, "some content", NULL),
    ("ni.txt", 81, "some content", "HTML"),
    ("code1.java", 8,"some content", "java"),
    ("code2.java", 8,"some content", "java"),
    ("code3.java", 8,"some content", "java"),
    ("code4.java", 8,"some content", "java"),
    ("code5.java", 8,"some content", "java"),
    ("code6.java", 8,"some content", "java"),
    ("code7.java", 8,"some content", "java"),
    ("code8.java", 8,"some content", "java"),
    ("code9.java", 8,"some content", "java"),
    ("code1.java", 9,"some content", "java"),
    ("code2.java", 9,"some content", "java"),
    ("code3.java", 9,"some content", "java"),
    ("code4.java", 9,"some content", "java"),
    ("code5.java", 9,"some content", "java"),
    ("code6.java", 9,"some content", "java"),
    ("code7.java", 9,"some content", "java"),
    ("code8.java", 9,"some content", "java"),
    ("code9.java", 9,"some content", "java"),
    ("code1.java", 10, "some content", "java"),
    ("code2.java", 10, "some content", "java"),
    ("code3.java", 10, "some content", "java"),
    ("code4.java", 10, "some content", "java"),
    ("code5.java", 10, "some content", "java"),
    ("code6.java", 10, "some content", "java"),
    ("code7.java", 10, "some content", "java"),
    ("code8.java", 10, "some content", "java"),
    ("code9.java", 10, "some content", "java"),
    ("code1.c", 23, "some content","C"),
    ("code2.c", 23, "some content" ,"C"),
    ("code3.c", 23, "some content", "C"),
    ("code4.c", 23, "some content", "C"),
    ("code5.c", 23, "some content", "C"),
    ("code6.c", 23, "some content", "C"),
    ("code7.c", 23, "some content", "C"),
    ("code8.c", 23, "some content", "C"),
    ("code9.c", 23, "some content", "C"),
    ("code1.c", 24, "some content", "C"),
    ("code2.c", 24, "some content", "C"),
    ("code3.c", 24, "some content", "C"),
    ("code4.c", 24, "some content", "C"),
    ("code5.c", 24, "some content", "C"),
    ("code6.c", 24, "some content", "C"),
    ("code7.c", 24, "some content", "C"),
    ("code8.c", 24, "some content", "C"),
    ("code9.c", 24, "some content", "C"),
    ("code1.c", 26, "some content", "C"),
    ("code2.c", 26, "some content", "C"),
    ("code3.c", 26, "some content", "C"),
    ("code4.c", 26, "some content", "C"),
    ("code5.c", 26, "some content", "C"),
    ("code6.c", 26, "some content", "C"),
    ("code7.c", 26, "some content", "C"),
    ("code8.c", 26, "some content", "C"),
    ("code9.c", 26, "some content", "C"),
    ("code1.c", 27, "some content", "C"),
    ("code2.c", 27, "some content", "C"),
    ("code3.c", 27, "some content", "C"),
    ("code4.c", 27, "some content", "C"),
    ("code5.c", 27, "some content", "C"),
    ("code6.c", 27, "some content", "C"),
    ("code7.c", 27, "some content", "C"),
    ("code8.c", 27, "some content", "C"),
    ("code9.c", 27, "some content", "C"),
    ("code1.c", 28, "some content", "C"),
    ("code2.c", 28, "some content", "C"),
    ("code3.c", 28, "some content", "C"),
    ("code4.c", 28, "some content", "C"),
    ("code5.c", 28, "some content", "C"),
    ("code6.c", 28, "some content", "C"),
    ("code7.c", 28, "some content", "C"),
    ("code8.c", 28, "some content", "C"),
    ("code1.c", 29, "some content", "C"),
    ("code2.c", 29, "some content", "C"),
    ("code3.c", 29, "some content", "C"),
    ("code4.c", 29, "some content", "C"),
    ("code5.c", 29, "some content", "C"),
    ("code6.c", 29, "some content", "C"),
    ("code7.c", 29, "some content", "C"),
    ("code8.c", 29, "some content", "C"),
    ("code1.c", 30, "some content", "C"),
    ("code2.c", 30, "some content", "C"),
    ("code3.c", 30, "some content", "C"),
    ("code4.c", 30, "some content", "C"),
    ("code5.c", 30, "some content", "C"),
    ("code6.c", 30, "some content", "C"),
    ("code7.c", 30, "some content", "C"),
    ("code8.c", 30, "some content", "C"),
    ("code6.c", 31, "some content", "C"),
    ("code7.c", 31, "some content", "C"),
    ("code8.c", 31, "some content", "C"),
    ("code1.cpp", 32, "some content", "C++"),
    ("code2.cpp", 32, "some content", "C++"),
    ("code3.cpp", 32, "some content", "C++"),
    ("code4.cpp", 32, "some content", "C++"),
    ("code5.cpp", 32, "some content", "C++"),
    ("code6.cpp", 32, "some content", "C++"),
    ("code7.cpp", 32, "some content", "C++"),
    ("code8.cpp", 32, "some content", "C++"),
    ("code1.cpp", 33, "some content", "C++"),
    ("code2.cpp", 33, "some content", "C++"),
    ("code3.cpp", 33, "some content", "C++"),
    ("code4.cpp", 33, "some content", "C++"),
    ("code5.cpp", 33, "some content", "C++"),
    ("code6.cpp", 33, "some content", "C++"),
    ("code7.cpp", 33, "some content", "C++"),
    ("code8.cpp", 33, "some content", "C++"),
    ("code1.cpp", 34, "some content", "C++"),
    ("code2.cpp", 34, "some content", "C++"),
    ("code3.cpp", 34, "some content", "C++"),
    ("code4.cpp", 34, "some content", "C++"),
    ("code5.cpp", 34, "some content", "C++"),
    ("code6.cpp", 34, "some content", "C++"),
    ("code7.cpp", 34, "some content", "C++"),
    ("code8.cpp", 34, "some content", "C++"),
    ("code1.js", 35, "some content", "JavaScript"),
    ("code2.js", 35, "some content", "JavaScript"),
    ("code3.js", 35, "some content", "JavaScript"),
    ("code4.js", 35, "some content", "JavaScript"),
    ("code5.js", 35, "some content", "JavaScript"),
    ("code6.js", 35, "some content", "JavaScript"),
    ("code7.js", 35, "some content", "JavaScript"),
    ("code8.js", 35, "some content", "JavaScript"),
    ("code1.js", 36, "some content", "JavaScript"),
    ("code2.js", 36, "some content", "JavaScript"),
    ("code3.js", 36, "some content", "JavaScript"),
    ("code4.js", 36, "some content", "JavaScript"),
    ("code5.js", 36, "some content", "JavaScript"),
    ("code6.js", 36, "some content", "JavaScript"),
    ("code7.js", 36, "some content", "JavaScript"),
    ("code8.js", 36, "some content", "JavaScript"),
    ("code1.js", 37, "some content", "JavaScript"),
    ("code2.js", 37, "some content", "JavaScript"),
    ("code3.js", 37, "some content", "JavaScript"),
    ("code4.js", 37, "some content", "JavaScript"),
    ("code5.js", 37, "some content", "JavaScript"),
    ("code6.js", 37, "some content", "JavaScript"),
    ("code7.js", 37, "some content", "JavaScript"),
    ("code8.js", 37, "some content", "JavaScript"),
    ("code1.js", 38, "some content", "JavaScript"),
    ("code2.js", 38, "some content", "JavaScript"),
    ("code3.js", 38, "some content", "JavaScript"),
    ("code4.js", 38, "some content", "JavaScript"),
    ("code5.js", 38, "some content", "JavaScript"),
    ("code6.js", 38, "some content", "JavaScript"),
    ("code7.js", 38, "some content", "JavaScript"),
    ("code8.js", 38, "some content", "JavaScript"),
    ("code1.js", 39, "some content", "JavaScript"),
    ("code2.js", 39, "some content", "JavaScript"),
    ("code3.js", 39, "some content", "JavaScript"),
    ("code4.js", 39, "some content", "JavaScript"),
    ("code5.js", 39, "some content", "JavaScript"),
    ("code6.js", 39, "some content", "JavaScript"),
    ("code7.js", 39, "some content", "JavaScript"),
    ("code8.js", 39, "some content", "JavaScript"),
    ("code1.js", 40, "some content", "JavaScript"),
    ("code2.js", 40, "some content", "JavaScript"),
    ("code3.js", 40, "some content", "JavaScript"),
    ("code4.js", 40, "some content", "JavaScript"),
    ("code5.js", 40, "some content", "JavaScript"),
    ("code6.js", 40, "some content", "JavaScript"),
    ("code7.js", 40, "some content", "JavaScript"),
    ("code8.js", 40, "some content", "JavaScript"),
    ("code1.js", 41, "some content", "JavaScript"),
    ("code2.js", 41, "some content", "JavaScript"),
    ("code3.js", 41, "some content", "JavaScript"),
    ("code4.js", 41, "some content", "JavaScript"),
    ("code5.js", 41, "some content", "JavaScript"),
    ("code6.js", 41, "some content", "JavaScript"),
    ("code7.js", 41, "some content", "JavaScript"),
    ("code8.js", 41, "some content", "JavaScript"),
    ("code1.js", 42, "some content", "JavaScript"),
    ("code2.js", 42, "some content", "JavaScript"),
    ("code3.js", 42, "some content", "JavaScript"),
    ("code4.js", 42, "some content", "JavaScript"),
    ("code5.js", 42, "some content", "JavaScript"),
    ("code6.js", 42, "some content", "JavaScript"),
    ("code7.js", 42, "some content", "JavaScript"),
    ("code8.js", 42, "some content", "JavaScript"),
    ("code1.js", 43, "some content", "JavaScript"),
    ("code2.js", 43, "some content", "JavaScript"),
    ("code3.js", 43, "some content", "JavaScript"),
    ("code4.js", 43, "some content", "JavaScript"),
    ("code5.js", 43, "some content", "JavaScript"),
    ("code6.js", 43, "some content", "JavaScript"),
    ("code7.js", 43, "some content", "JavaScript"),
    ("code8.js", 43, "some content", "JavaScript"),
    ("code1.js", 44, "some content", "JavaScript"),
    ("code2.js", 44, "some content", "JavaScript"),
    ("code3.js", 44, "some content", "JavaScript"),
    ("code4.js", 44, "some content", "JavaScript"),
    ("code5.js", 44, "some content", "JavaScript"),
    ("code6.js", 44, "some content", "JavaScript"),
    ("code7.js", 44, "some content", "JavaScript"),
    ("code8.js", 44, "some content", "JavaScript"),
    ("code1.js", 45, "some content", "JavaScript"),
    ("code2.js", 45, "some content", "JavaScript"),
    ("code3.js", 45, "some content", "JavaScript"),
    ("code4.js", 45, "some content", "JavaScript"),
    ("code5.js", 45, "some content", "JavaScript"),
    ("code6.js", 45, "some content", "JavaScript"),
    ("code7.js", 45, "some content", "JavaScript"),
    ("code8.js", 45, "some content", "JavaScript"),
    ("code1.c", 46, "some content", "C"),
    ("code2.c", 46, "some content", "C"),
    ("code3.c", 46, "some content", "C"),
    ("makefile", 46, "some content", "MAKEFILE"),
    ("code1.asm", 48, "some content", "Assembly"),
    ("code2.asm", 48, "some content", "Assembly"),
    ("code3.asm", 48, "some content", "Assembly"),
    ("code3.asm", 48, "some content", "Assembly"),
    ("code1.sql", 52, "some content", "SQL"),
    ("code2.sql", 52, "some content", "SQL"),
    ("code3.sql", 53, "some content", "SQL"),
    ("code4.sql", 53, "some content", "SQL"),
    ("code5.sql", 54, "some content", "SQL"),
    ("code6.sql", 54, "some content", "SQL"),
    ("code7.sql", 55, "some content", "SQL"),
    ("code1.php", 56, "some content", "PHP"),
    ("code2.php", 56, "some content", "PHP"),
    ("code3.php", 56, "some content", "PHP"),
    ("code4.php", 56, "some content", "PHP"),
    ("code5.php", 56, "some content", "PHP"),
    ("code1.php", 57, "some content", "PHP"),
    ("code2.php", 57, "some content", "PHP"),
    ("code3.php", 57, "some content", "PHP"),
    ("code4.php", 57, "some content", "PHP"),
    ("code1.SWIFT", 60, "some content", "SWIFT"),
    ("code2.SWIFT", 60, "some content", "SWIFT"),
    ("code3.SWIFT", 60, "some content", "SWIFT"),
    ("code4.SWIFT", 60, "some content", "SWIFT"),
    ("code5.SWIFT", 60, "some content", "SWIFT"),
    ("code6.SWIFT", 60, "some content", "SWIFT"),
    ("code1.py", 66, "some content", "Python"),
    ("code2.py", 66, "some content", "Python"),
    ("code3.py", 66, "some content", "Python"),
    ("code4.py", 66, "some content", "Python"),
    ("code5.py", 66, "some content", "Python"),
    ("code6.py", 66, "some content", "Python"),
    ("code1.py", 85, "some content", "Python"),
    ("code2.py", 85, "some content", "Python"),
    ("code3.py", 85, "some content", "Python"),
    ("code1.py", 86, "some content", "Python"),
    ("code2.py", 86, "some content", "Python"),
    ("code3.py", 86, "some content", "Python"),
    ("code1.py", 87, "some content", "Python"),
    ("code2.py", 87, "some content", "Python"),
    ("code3.py", 87, "some content", "Python"),
    ("code4.py", 87, "some content", "Python"),
    ("code5.py", 87, "some content", "Python"),
    ("code6.py", 87, "some content", "Python"),
    ("code1.py", 88, "some content", "Python"),
    ("code1.py", 89, "some content", "Python"),
    ("code2.py", 89, "some content", "Python"),
    ("code3.py", 89, "some content", "Python"),
    ("code4.py", 89, "some content", "Python"),
    ("code5.py", 89, "some content", "Python"),
    ("code1.py", 90, "some content", "Python"),
    ("code2.py", 90, "some content", "Python"),
    ("code1.py", 91, "some content", "Python"),
    ("code2.py", 91, "some content", "Python"),
    ("code1.py", 92, "some content", "Python"),
    ("code1.py", 93, "some content", "Python"),
    ("code1.go", 68, "some content", "Go"),
    ("code2.go", 68, "some content", "Go"),
    ("code3.go", 68, "some content", "Go"),
    ("code4.go", 68, "some content", "Go"),
    ("code5.go", 68, "some content", "Go"),
    ("code6.go", 68, "some content", "Go"),
    ("code1.rb", 69, "some content", "Ruby"),
    ("code2.rb", 69, "some content", "Ruby"),
    ("code3.rb", 69, "some content", "Ruby"),
    ("code4.rb", 69, "some content", "Ruby"),
    ("code5.rb", 69, "some content", "Ruby"),
    ("code6.rb", 69, "some content", "Ruby"),
    ("code1.cs", 70, "some content", "C#"),
    ("code2.cs", 70, "some content", "C#"),
    ("code3.cs", 70, "some content", "C#"),
    ("code4.cs", 70, "some content", "C#"),
    ("code5.cs", 70, "some content", "C#"),
    ("code6.cs", 70, "some content", "C#"),
    ("code1.pl", 71, "some content", "Prolog"),
    ("code2.pl", 71, "some content", "Prolog"),
    ("code3.pl", 71, "some content", "Prolog"),
    ("code4.pl", 71, "some content", "Prolog"),
    ("code5.pl", 71, "some content", "Prolog"),
    ("code6.pl", 71, "some content", "Prolog"),
    ("code1.pas", 72, "some content", "Pascal"),
    ("code2.pas", 72, "some content", "Pascal"),
    ("code3.pas", 72, "some content", "Pascal"),
    ("code4.pas", 72, "some content", "Pascal"),
    ("code5.pas", 72, "some content", "Pascal"),
    ("code6.pas", 72, "some content", "Pascal"),
    ("code1.pas", 73, "some content", "Pascal"),
    ("code2.pas", 73, "some content", "Pascal"),
    ("code3.pas", 73, "some content", "Pascal"),
    ("code4.pas", 73, "some content", "Pascal"),
    ("code5.pas", 73, "some content", "Pascal"),
    ("code6.pas", 73, "some content", "Pascal"),
    ("code1.txt", 72, "some content", "HTML"),
    ("code2.txt", 72, "some content", "HTML"),
    ("code3.txt", 72, "some content", "HTML"),
    ("code4.txt", 72, "some content", "HTML"),
    ("code5.txt", 72, "some content", "HTML"),
    ("code6.txt", 72, "some content", "HTML"),
    ("code1.json", 75, "some content", "JSON"),
    ("code2.json", 75, "some content", "JSON"),
    ("code3.json", 75, "some content", "JSON"),
    ("code4.json", 75, "some content", "JSON"),
    ("code5.json", 75, "some content", "JSON"),
    ("code6.json", 75, "some content", "JSON"),
    ("code1.CURL", 76, "some content", "Curl"),
    ("code2.CURL", 76, "some content", "Curl"),
    ("code3.CURL", 76, "some content", "Curl"),
    ("code4.CURL", 76, "some content", "Curl"),
    ("code5.CURL", 76, "some content", "Curl"),
    ("code6.CURL", 76, "some content", "Curl"),
    ("code1.sc", 76, "some content", "Scala"),
    ("code2.sc", 76, "some content", "Scala"),
    ("code3.sc", 76, "some content", "Scala"),
    ("code4.sc", 76, "some content", "Scala"),
    ("code5.sc", 76, "some content", "Scala"),
    ("code6.sc", 76, "some content", "Scala"),
    ("code1.sc", 76, "some content", "Scala"),
    ("code2.sc", 76, "some content", "Scala"),
    ("code3.sc", 76, "some content", "Scala"),
    ("code4.sc", 76, "some content", "Scala"),
    ("code5.sc", 76, "some content", "Scala"),
    ("code6.sc", 76, "some content", "Scala"),
    ("script.sh", 77, "some content", "Shell"),
    ("script.sh", 78, "some content", "Shell")

INSERT INTO ProgrammingLanguage (name)
VALUES
    ("Assembly"),
    ("Bash"),
    ("C"),
    ("C++"),
    ("C#"),
    ("Curl"),
    ("Dart"),
    ("Go"),
    ("HTML"),
    ("Haskell"),
    ("Java"),
    ("JavaScript"),
    ("JSON"),
    ("Kotlin"),
    ("MATLAB"),
    ("Makefile"),
    ("Pascal"),
    ("PEARL"),
    ("PHP"),
    ("Prolog"),
    ("Python"),
    ("PowerShell"),
    ("Perl"),
    ("Ruby"),
    ("Rust"),
    ("Scala"),
    ("SWIFT"),
    ("SQL"),
    ("Shell")

INSERT INTO OwnerRepository (user,repository)
VALUES
    ("beatriz-ag", 1),
    ("beatriz-ag", 2),
    ("beatriz-ag", 3),
    ("beatriz-ag", 4),
    ("beatriz-ag", 5),
    ("beatriz-ag", 6),
    ("andrefmrocha", 9),
    ("andrefmrocha", 10),
    ("andrefmrocha", 11),
    ("GambuzX", 16);

INSERT INTO ContributorRepository (user,repository)
VALUES
    ("beatriz-ag", 1),
    ("beatriz-ag", 2),
    ("beatriz-ag", 3),
    ("beatriz-ag", 4),
    ("beatriz-ag", 5),
    ("beatriz-ag", 6),
    ("beatriz-ag", 9),
    ("andrefmrocha", 9),
    ("andrefmrocha", 10),
    ("andrefmrocha", 11),
    ("beatriz-ag", 12),
    ("andrefmrocha", 13),
    ("andrefmrocha", 14);

INSERT INTO TeamRepository (team,repository)
VALUES
    ("NIJobs", 13),
    ("NIJJobs", 14),
    ("UniApp", 12);

INSERT INTO OrganizationRepository (organization,repository)
VALUES
    ("NIAFEUP", 15)

INSERT INTO OrganizationUserOwner (user,organization)
VALUES
    ("andrefmrocha", "NIAFEUP")

INSERT INTO OrganizationUserMember (user, organization)
VALUES
    ("andrefmrocha", "NIAFEUP"),
    ("beatriz-ag", "NIAFEUP"),
    ("GambuzX", "NIAFEUP");

INSERT INTO TeamRole (user, team, isMaintainer)
VALUES  
    ("beatriz-ag", "UniApp", 0),
    ("andrefmrocha", "UniApp",1),
    ("andrefmrocha", "NIJobs",1);

INSERT INTO OrganizationMemberVisibility (user, organization, isPrivate)
VALUES
    ("beatriz-ag", "NIAFEUP",1),
    ("andrefmrocha", "NIAFEUP",1),
    ("GambuzX", "NIAFEUP", 1);

INSERT INTO Submodule (source,destination)
VALUES
    (13,14),
    (11,9),
    (11,10);

INSERT INTO FolderRelationship (parent, child)
VALUES
    (7, 1),
    (8, 7),
    (9, 7),
    (10, 7),
    (12, 1),
    (13, 12),
    (14, 12),
    (15, 12),
    (16, 12),
    (17, 12),
    (18, 12),
    (19, 12),
    (20, 12),
    (22, 5),
    (23, 22),
    (24, 22),
    (25, 5),
    (26, 25),
    (27, 25),
    (28, 25),
    (29, 25),
    (26, 25),
    (26, 25),
    (32, 6),
    (33, 6),
    (34, 33),
    (35, 4),
    (36, 4),
    (37, 4),
    (38, 4),
    (43, 4),
    (44, 4),
    (45, 4),
    (50, 2),
    (46, 50),
    (47, 50),
    (48, 50),
    (49, 1),
    (50, 1),
    (51, 3),
    (52, 51),
    (53, 51),
    (54, 51),
    (55, 51),
    (57, 56),
    (58, 56),
    (59, 56),
    (60, 56),
    (61, 56),
    (62, 56),
    (64, 63),
    (68, 67),
    (69, 67),
    (70, 67),
    (71, 67),
    (72, 77),
    (73, 77),
    (74, 77),
    (75, 78),
    (76, 81),
    (79, 77),
    (80, 81),
    (82, 83),
    (82, 84),
    (83, 85),
    (83, 86),
    (83, 87),
    (83, 88),
    (83, 89),
    (83, 90),
    (83, 91),
    (83, 92),
    (83, 93);

INSERT INTO PullRequest (Contribution, PullRequestNumber, message, status)
VALUES
    (13, 1,"implemented xyz", 1),
    (18, 2,"implemented xyz", 0),
    (24, 2,"implemented xyz", 0)

INSERT INTO Commit (contribution, commitHash, message)
VALUES
    (1, "9b6082773657656c58fa176e0d009c6a6b781823", "a relevant commit indeed"),
    (2, "852d7645e2c7fa6b37309d26def2b22873f75e2b", "a relevant commit indeed"),
    (3, "b5ac2402d9d6ff467cb42409e35c77760fff655a", "a relevant commit indeed"),
    (4, "3e4410a6cd029af777dccb9bc916c885c9a82885", "a relevant commit indeed"),
    (5, "0238a3fc97b94091762718e8c531993ae10b4ae8", "a relevant commit indeed"),
    (6, "e12f86a52044497d6d2f59955a409f6b120e997d", "a relevant commit indeed"),
    (7, "f4498ed09f11766abc2d505164788d8abbce40ca", "a relevant commit indeed"),
    (8, "ed5eaa758aa76d0617d06eb1f0372739c2a7f171", "a relevant commit indeed"),
    (9, "627da519c6328802ae7e1be4e6236145fa72b832", "a relevant commit indeed"),
    (10, "2733a19329dae834ff86315cfde0a860f6b102f6", "a relevant commit indeed"),
    (11, "52cc229d78d4674c9c269de134806676f8c43f79", "a relevant commit indeed"),
    (12, "47df8237b9a7b9f62d6afbaa98448cb18d48ed56", "a relevant commit indeed"),
    (17, "a0b7c136ca910115c0cf4df36e1f36cdd8670752", "a relevant commit indeed"),
    (18, "157ec8d191dc9f1e57f6609c9b6e859098e0b471", "a relevant commit indeed"),
    (19, "d20d3b416c92df23ad3f521cee8c4fbda72d5a45", "a relevant commit indeed"),
    (21, "8e2300d2d21ee511b27a4678857f4c08bcb349cd", "a relevant commit indeed"),
    (22, "0e874f48c01ab402637da187c48626d71f982b25", "a relevant commit indeed"),
    (23, "a3d514030a1d836809623d32dd02d6d98f488acd", "a relevant commit indeed"),
    (25, "17e51eb14374635e48b9806e01ca38ae430ef6a7", "a relevant commit indeed"),
    (26, "ec70991d1671da943126db8a0902b08db53c741c", "a relevant commit indeed"),
    (27, "477f700573be2b3d0e8f9260832b60e932e9ae1a", "a relevant commit indeed"),
    (28, "0eccc407eb14e7577b97caacc9dc6669c9bf02f8", "a relevant commit indeed"),
    (29, "04237b469ca61045c2ed7e769d292d8663216194", "a relevant commit indeed"),
    (31, "4d3fdb0b877eb5248464cc62d8acf37fb52fc1bf", "a relevant commit indeed"),
    (32, "fa4de33502023b4107ea6fd414d48f767279be0d", "a relevant commit indeed"),
    (33, "817321a39c40a6bab59a6dceed4c552d7e5cb2ec", "a relevant commit indeed"),
    (34, "747fd8e2fb0fe98ed53d00a73de53e6ee1ac7806", "a relevant commit indeed"),
    (35, "383f5f5da77bf3bc75680968025714d0fec9c74a", "a relevant commit indeed"),
    (36, "aa5cba1041e38d754ca16502fc322702901dfc9d", "a relevant commit indeed"),
    (37, "c6de2bcad657647e3bc6d9187b3dfd8f1fa6e6a0", "a relevant commit indeed"),
    (38, "cf463a838d702f78b76021225913cd3195d14bed", "a relevant commit indeed"),
    (39, "c5d6b60352c6aebd677590fe0d80a3613e246fa9", "a relevant commit indeed"),
    (40, "c5d6b60352c6aebd677590fe0d80a3613e246fa9", "a relevant commit indeed"),
    (41, "2ccdf93805fcb8b06a87cae6aefc661c307ced1b", "a relevant commit indeed"),
    (42, "73a3344b1ba112fbe6dc7866905667c2adb4a1fe", "a relevant commit indeed"),
    (43, "38f361a87a74c61dee2a6c5d48cb2f649f9410ae", "a relevant commit indeed"),
    (44, "5b086fc4a2dc647f2ee79f7f59c7a767efec7e32", "a relevant commit indeed"),
    (45, "575c43912875aff945e50ff341634384516db5ec", "a relevant commit indeed"),
    (46, "8deaa90c05f2b600b9fea4c02afbfa7c6da47e19", "a relevant commit indeed"),
    (47, "0f54d51bd11b831a8f64ecb6bffe2e8e042b8715", "a relevant commit indeed"),
    (48, "d9fe666b212cad7aea1e0741517755b52175d3d5", "a relevant commit indeed"),
    (49, "b80b8fb8f193e0ada8ee8ceae2127f4f7d34b1e0", "a relevant commit indeed"),
    (50, "a4a73c756baccb5d1f05fa5a816f368a2056c4eb", "a relevant commit indeed"),
    (51, "1fe9070bb46d27178fc735c7b9a171fe6786dda2", "a relevant commit indeed");

INSERT INTO Issue (contribution, issueNumber, message)
VALUES  
    (24, 1, "Issue xx"),
    (14, 2, "Issue xx");

INSERT INTO Merge (commit, ours, theirs)
VALUES  
    (30, "main", "development");