INSERT INTO User (userName)
VALUES
    ("beatriz-ag"),
    ("margaridav27"),
    ("mikRodrigues"),
    ("arestivo"),
    ("filipepcampos"),
    ("sofiagermer"),
    ("Retchup"),
    ("rodrigotuna"),
    ("brunogomes30"),
    ("Jumaruba"),
    ("JoaoAMarinho"),
    ("jfbaltazar"),
    ("tmv11"),
    ("beatrizlopesdossantos"),
    ("DTPreda"),
    ("miguelpduarte"),
    ("TiagoCaldaSilva"),
    ("maildejoliveira"),
    ("Andrepereira2001"),
    ("RuiVieira456"),
    ("reeckset"),
    ("anaMendes123"),
    ("xico2001pt"),
    ("francisco-rente"),
    ("Rickyfer205"),
    ("caduonrails"),
    ("FlyHigh1111"),
    ("Goncalerta"),
    ("leonormgomes"),
    ("eukia"),
    ("amargaridarl"),
    ("AntoniooCruz"),
    ("Ca-moes"),
    ("SALajes"),
    ("antbz"),
    ("nunottlopes"),
    ("ferrolho"),
    ("DoStini"),
    ("torvalds");


INSERT INTO Organization (organizationName)
VALUES
    ("developful"),
    ("weba"),
    ("codes"),
    ("IBASE"),
    ("WEBC"),
    ("WEBITS"),
    ("NIAEFEUP"),
    ("dalux"),
    ("microsoft"),
    ("google"),
    ("linux"),
    ("netflix"),
    ("NEEC"),
    ("NEEM"),
    ("LCOM"),
    ("CGRA"),
    ("BDAD"),
    ("adobe"),
    ("square"),
    ("twitter"),
    ("instagram"),
    ("facebook"),
    ("sonic"),
    ("discordapi"),
    ("apple"),
    ("webappDist"),
    ("youtube"),
    ("mmarket"),
    ("JuniFEUP"),
    ("OnlyFans");

INSERT INTO OrganizationMemberVisibility(user, organization, isPrivate)
VALUES
    ("margaridav27", "BDAD", 1),
    ("margaridav27", "NIAEFEUP", 0),
    ("margaridav27", "linux", 1),
    ("beatriz-ag", "JuniFEUP", 0),
    ("beatriz-ag", "BDAD", 1),
    ("beatriz-ag", "apple", 1),
    ("mikRodrigues", "linux", 1),
    ("mikRodrigues", "twitter", 1),
    ("mikRodrigues", "mmarket", 1),
    ("mikRodrigues", "LCOM", 1),
    ("mikRodrigues", "BDAD", 1),
    ("torvalds", "linux", 0),
    ("arestivo", "adobe", 0),
    ("arestivo", "codes", 0),
    ("arestivo", "developful", 0),
    ("rodrigotuna", "LCOM", 1),
    ("Jumaruba", "NEEC", 0),
    ("jfbaltazar", "google", 0),
    ("jfbaltazar", "square", 1),
    ("tmv11", "linux", 0),
    ("tmv11", "microsoft", 0),
    ("beatrizlopesdossantos", "instagram", 0),
    ("beatrizlopesdossantos", "OnlyFans", 0),
    ("DTPreda", "discordapi", 0),
    ("miguelpduarte", "NIAEFEUP", 0),
    ("miguelpduarte", "discordapi", 0),
    ("miguelpduarte", "sonic", 0),
    ("TiagoCaldaSilva", "NIAEFEUP", 0),
    ("TiagoCaldaSilva", "LCOM", 0),
    ("Andrepereira2001", "youtube", 1),
    ("Andrepereira2001", "CGRA", 1),
    ("RuiVieira456", "facebook", 1),
    ("Rickyfer205", "mmarket", 1),
    ("Rickyfer205", "NEEM", 1),
    ("Rickyfer205", "sonic", 0),
    ("Goncalerta", "weba", 0),
    ("Goncalerta", "IBASE", 0),
    ("leonormgomes", "WEBC", 0),
    ("leonormgomes", "WEBITS", 0),
    ("AntoniooCruz", "dalux", 0),
    ("SALajes", "apple", 0),
    ("SALajes", "WEBC", 0),
    ("antbz", "square", 0),
    ("DoStini", "discordapi", 0),
    ("DoStini", "NIAEFEUP", 0),
    ("DoStini", "microsoft", 0),
    ("ferrolho", "apple", 0),
    ("ferrolho", "adobe", 0),
    ("ferrolho", "square", 0),
    ("nunottlopes", "facebook", 1);


INSERT INTO Directory (ID, name)
VALUES
    (1, "feup-lpoo"),
    (2, "feup-sope"),
    (3, "feup-bdad"),
    (4, "feup-cgra"),
    (5, "hero"),
    (6, "feup-comp"),
    (7, "MindAPI"),
    (8, "codejam2021"),
    (9, "bitcoin"),
    (10, "feup-aeda"),
    (11, "go-ethereum"),
    (12, "feup-lcom"),
    (13, "covid19-growth"),  
    (14, "advent-of-code-2019"),
    (15, "website-NIAEFEUP"),
    (16, "uporto-timetable-scrapper"),
    (17, "linux"),
    (18, "hackerrank-contest"),
    (19, "iio-oscilloscope"),
    (20, "feup-rcom"),
    (21, "feup-vcom"),
    (22, "project-schrodinger"),
    (23, "holidata.net"),
    (24, "timewarrior"),
    (25, "gbf.org"),
    (26, "GothenburgBitFactory"),
    (27, "cognitivebing"),
    (28, "feup-ltw"),  
    (29, "feup-fpro"),
    (30, "ModernRobotics.jl"),
    (31, "space-shuttle-reentry-trajectory"),
    (32, "corona"),
    (33, "workshop-LaTex"),
    (34, "feup-laig"),
    (35, "proj-xmod-tool");

INSERT INTO ProgrammingLanguage(name)
VALUES
    ("Assembly"),
    ("Bash"),
    ("C"),
    ("C++"),
    ("C#"),
    ("Curl"),
    ("Dart"),
    ("Go"),
    ("HTML"),
    ("Haskell"),
    ("Java"),
    ("JavaScript"),
    ("JSON"),
    ("Kotlin"),
    ("MATLAB"),
    ("Makefile"),
    ("Pascal"),
    ("PEARL"),
    ("PHP"),
    ("Prolog"),
    ("Python"),
    ("PowerShell")
    ("Perl"),
    ("Ruby"),
    ("Rust"),
    ("Scala"),
    ("Swift"),
    ("SQL"),
    ("Shell");

INSERT INTO Repository (ID, name, rootDirectory, isVisible)
VALUES
    (1, "feup-lpoo", 1, 0),
    (2, "feup-sope", 2, 0),
    (3, "feup-bdad", 3, 0),
    (4, "feup-cgra", 4, 0),
    (5, "hero", 5, 0),
    (6, "MindAPI", 7, 1),
    (7, "codejam2021", 8, 1),
    (8, "bitcoin", 9, 1),
    (9, "go-ethereum", 11, 1),
    (10, "covid19-growth", 13, 1),    
    (11, "advent-of-code-2019", 14, 1),
    (12, "website-NIAEFEUP", 15, 1),
    (13, "uporto-timetable-scrapper", 16, 1),
    (14, "linux", 17, 1),
    (15, "hackerrank-contest", 18, 1),
    (16, "iio-oscilloscope", 19, 1),
    (17, "project-schrodinger", 22, 1),
    (18, "holidata.net", 23, 1),
    (19, "timewarrior", 24, 1),
    (20, "gbf.org", 25, 1),
    (21, "GothenburgBitFactory", 26, 1),
    (22, "cognitivebing", 27, 1),
    (23, "ModernRobotics.jl", 30, 1),
    (24, "space-shuttle-reentry-trajectory", 31, 1),
    (25, "corona", 32, 1),
    (26, "workshop-LaTex", 33, 0),
    (27, "feup-comp", 6, 0),
    (28, "feup-aeda", 10, 0),
    (29, "feup-lcom", 12, 1),
    (30, "feup-rcom", 20, 1),
    (31, "feup-vcom", 21, 1),
    (32, "feup-ltw", 28, 0),
    (33, "feup-fpro", 29, 0),
    (34, "feup-laig", 34, 1),
    (35, "proj-xmod-tool", 35, 1);